Variant SKU,Variant Inventory Qty
100008,0
100009,0
100010,0
100019,0
100022,0
100023,0
100031,0
100032,0
100034,0
100045,0
100049,0
100052,0
100053,0
100055,0
100058,0
100066,0
100069,0
100075,0
100076,0
100077,0
100078,0
100080,0
100081,0
100082,0
100083,0
100084,0
100085,0
100088,0
100091,0
100092,0
100093,0
100095,0
100096,0
100099,0
100103100,209
100103101,261
100103103,75
100103104,45
100103105,29
100103111,43
100103115,64
100103116,76
100103117,515
100103118,44
100107100,37
100107101,13
100107102,120
100107103,14
100107104,30
100107200,222
100107201,66
100107202,403
100107203,68
100107204,26
100107300,9
100107301,33
100107302,43
100107303,36
100107304,23
100107311,24
100107400,27
100107401,6
100107402,28
100107403,40
100107404,16
100107420,22
100107440,7
100107450,34
100107460,35
100108054,63
100108060,32
100108062,32
100108064,28
100108078,52
100108079,32
100108080,64
100108141,33
100108142,38
100108145,35
100108146,29
100108219,34
100108220,74
100108221,53
100108222,64
100108223,52
100108224,0
100108225,0
100108226,0
100108227,0
100108228,0
100108229,24
100108230,61
100108231,28
100108232,40
100108233,43
100108234,13
100108235,32
100108236,0
100108237,0
100108238,0
100108239,0
100108240,0
100108241,109
100108242,50
100108243,0
100108244,40
100108245,62
100108246,88
100108247,41
100108248,38
100108249,29
100108250,41
100108251,0
100108252,0
100108253,0
100108254,64
100108255,44
100108256,0
100108257,0
100108258,0
100108259,0
100108260,21
100108261,0
100108262,0
100108263,0
100108264,0
100108311,0
100108312,0
100108313,0
100108314,0
100108315,0
100108316,0
100109,0
100110,0
100116,0
100117,0
100122,0
100124,0
100125,0
100126,0
100127,0
100130,0
100134,0
100136,0
100137,0
100138,0
100144,0
100146,0
100161,0
100162,0
100166,0
100176,0
100177,0
100178,0
100179,0
100180,0
100181,0
100182,0
100183,0
100185,0
100186,0
100187,0
100189,0
100190,0
100191,0
100192,0
100193,0
100194,0
100195,0
100196,0
100197,0
100198,0
100199,0
100200100,73
100200120,16
100200150,4
100200160,0
100200165,5
100200200,47
100200210,45
100200630,67
100200640,40
100200650,110
100200690,13
100201,0
100201100,78
100201114,4
100201115,15
100201200,25
100201201,21
100201202,16
100201204,0
100201205,29
100201206,25
1002019,0
100202,0
100202104,490
100202105,62
100202106,206
100202200,2
100202201,41
100202203,20
100202302,31
100203,0
100203100,2
100203101,13
100203102,17
100203103,61
100203104,267
100203105,63
100203106,82
100203107,58
100203109,57
100204,0
100204102,75
100204106,68
100205,0
100205100,0
100205102,14
100205104,36
100205108,38
100206,0
100206103,42
100206109,24
100206111,0
100206113,124
100206114,66
100206115,17
100206116,4
100206120,8
100206129,49
100206202,68
100206204,58
100206205,372
100206206,421
100206207,17
100206208,124
100206215,36
100206216,3
100206226,28
100206227,39
100207,0
100207107,13
100207108,47
100207109,34
100207110,57
100207113,41
100207118,40
100207119,39
100207130,42
100208,0
100208103,5
100208104,135
100208105,131
100208106,138
100208107,101
100208108,88
100208109,86
100208110,156
100208111,152
100208112,168
100208302,90
100208303,0
100208304,28
100208305,276
100208310,285
100208323,21
100208326,69
100208327,69
100209,0
100209100,92
100209101,6
100209102,80
100209103,66
100209104,0
100209105,55
100209201,42
100209203,33
100209206,28
100209207,40
100210100,17
100210102,23
100210103,13
100211,0
100212,0
100213,0
100214,0
100215,0
100216,0
100218,0
100220110,88
100220112,40
100220113,31
100221,0
100221222,26
100221333,12
100222,0
100222022,86
100222340,107
100222350,325
100222420,15
100222430,21
100222435,63
100222436,69
100222437,58
100222440,70
100222450,42
100222460,29
100222540,53
100222550,175
100222560,2
100222570,28
100222580,71
100222590,68
100223,0
100224,0
100225,0
100225100,19
100225102,20
100226,0
100227,0
100228,0
100229,0
100231,0
100232,0
100232830,8
100232840,33
100233,0
100250522,38
100250526,59
100290100,49
100290101,47
100290102,30
100290103,43
100290104,22
100290105,42
100295520,3
100295612,34
100300100,23
100300101,23
100300102,56
100300103,90
100300120,61
100300121,53
100300380,53
100310101,41
100310300,90
100310301,50
100310312,58
100310313,14
100310370,0
100313,0
100314,0
100315,0
100316,0
100317,0
100318,0
100319,0
100320100,58
100320101,68
100320102,21
100320103,35
100321,0
100322,0
100323,0
100324,0
100325,0
100325100,55
100325101,58
100326,0
100327,0
100328,0
100329,0
100330,0
100330109,4
100330110,71
100330111,36
100330114,12
100330115,45
100330116,24
100330117,154
100330120,58
100330122,74
100330123,3
100330205,250
100330210,28
100330211,7
100330215,107
100330220,348
100330222,36
100330223,9
100331,0
100332,0
100333,0
100334,0
100335,0
100336,0
100337,0
100338,0
100339,0
100340,0
100340101,53
100341,0
100342,0
100343,0
100344,0
100345,0
100346,0
100347,0
100348,0
100349,0
100350,0
100350100,22
100350101,0
100350102,0
100350103,23
100350104,56
100351,0
100352,0
100353,0
100354,0
100355,0
100356,0
100357,0
100358,0
100360,0
100360100,31
100360101,3
100360102,18
100361,0
100362,0
100370103,4
100370120,54
100370121,47
100400620,0
100400630,47
100400640,25
100500700,104
100500701,13
100500702,52
100500705,4
100500710,50
100500712,69
100500920,29
100500921,42
100500985,39
100500986,0
100500987,161
100500989,80
100600902,127
100600904,122
100600905,74
100600907,200
100600909,16
100600911,25
100600912,11
100600920,0
100600930,232
100600940,113
100650110,36
100650120,40
100665140,6
100690460,221
100690470,128
100690492,36
100690610,129
100690611,73
100690620,288
100690622,20
100690623,24
100690626,0
100690627,72
100690628,47
100690629,26
100690633,254
100690634,40
100690635,61
100690652,82
100690668,45
100690703,30
100690704,30
100690706,6
100690709,8
100690800,138
100690810,22
100690820,0
100700110,4
100700111,20
100700113,36
100750110,10
100750140,0
100750160,25
100800104,0
100800105,44
100800106,24
100800200,10
100800206,0
100800207,0
100800209,0
100800210,52
100800211,53
100800230,16
100800233,12
100800234,6
100800237,47
100800238,6
100800239,30
100800255,144
100800261,51
100800262,36
100800263,45
100800285,142
100801200,22
100801210,28
100801220,0
100801562,7
100801908,30
100810800,0
100810830,12
100810840,10
100810850,0
100902920,0
100920900,154
100920910,346
100920920,0
100920940,263
100920950,414
100920960,121
100995105,41
102320600,48
200103100,0
200200210,36
200200220,25
200201101,2
200201102,7
200201106,2
200201107,26
200206102,0
200206105,28
200206106,33
200206118,0
200206120,14
200206121,30
200208101,3
200208102,8
200208103,8
200208104,40
200208106,25
200208108,46
200208346,21
200208347,24
200208348,16
200208349,17
200208350,0
200208351,18
200208352,24
200208353,26
200208359,0
200208360,0
200208361,0
200222585,200
200222586,87
200306150,5
200306160,24
200306170,20
200371101,0
200371102,23
200390600,0
200390610,34
200390615,3
200490700,18
200490705,33
200490706,54
200490708,50
200490820,30
200690633,62
200690634,44
200690635,0
200700760,16
200801909,0
300103100,12
300103101,3
300103116,87
300103117,150
300103118,38
300200630,7
300200650,7
300200690,1
300201100,7
300201101,0
300201102,9
300201106,11
300202107,4
300206102,21
300206105,37
300206106,36
300206109,43
300207107,15
300207110,7
300207113,0
300207118,9
300207119,14
300207126,28
300207127,14
300207130,5
300208101,0
300208103,0
300208106,28
300208108,0
300208339,2
300208340,48
300208341,7
300208342,20
300208343,1
300208344,12
300208345,23
300208346,45
300208347,35
300208379,23
300208380,0
300208381,31
300208382,25
300208383,30
300208384,44
300208385,28
300208386,27
300208387,39
300208388,31
300208389,29
300208401,0
300208402,0
300208403,0
300208404,0
300208405,0
300208406,0
300222594,54
300222595,50
300308303,0
300308304,47
300308305,44
300310300,0
300310301,33
300330122,15
300330123,0
300330124,4
300330125,33
300370120,0
300370121,0
300370122,10
300690633,80
300690634,48
300690635,63
300800200,6
300800210,43
300800855,0
400100100,8
400100101,8
400100102,19
400100120,2
400100121,5
400100122,18
400100200,14
400100201,3
400100202,4
400100220,12
400100221,15
400100222,0
400208308,14
400208309,9
400208310,9
400208316,0
400208318,0
400208320,0
400208321,0
400208322,0
400208323,0
400208324,0
400208325,0
400208326,0
400208327,0
400400100,8
400400101,5
400400102,1
400400103,32
400400104,13
400400105,12
400400106,7
400500110,5
400800100,38
400800250,15
400800251,0
400801400,16
400801401,5
400801402,9
400801404,23
400801503,10
400801505,18
400801506,7
400801508,0
400801509,2
400801510,31
400801516,0
400801600,15
400801700,0
400801710,4
400801711,4
400801712,1
400801714,12
400801716,0
400801717,4
400801718,3
400801750,11
400801800,15
400900100,10
400900106,4
400900107,6
400900108,13
400900109,5
400900110,0
400900113,5
400900114,4
400900115,7
400900116,4
400900117,1
400900118,1
400900119,13
400900120,8
400900520,9
400900540,7
500100100,26
500100101,41
500100102,23
500100110,18
500100111,25
500100112,24
500100120,13
500100121,25
500100122,6
500208308,24
500208309,24
500208310,18
600208302,2
600208307,0
600208308,0
600208309,0
600800210,0
600800211,3
700103105,14
700103111,14
700200100,24
700200110,27
700200630,9
700200650,4
700200690,5
700201104,13
700201106,4
700204105,31
700204114,18
700205105,8
700205114,6
700206107,37
700206108,19
700206109,28
700206110,32
700206113,4
700206114,0
700206130,0
700207007,8
700207008,17
700207009,4
700207010,9
700207013,2
700207107,17
700207108,0
700207109,8
700207110,17
700207113,0
700207130,0
700208105,0
700208114,22
700208301,15
700208302,13
700208315,0
700208316,0
700208317,12
700208318,16
700208323,0
700208324,0
700208325,0
700222360,23
700310300,28
700310301,9
700370104,0
700370120,0
700500700,21
700680100,34
700680110,0
700680185,1
700700701,13
700700703,24
700700705,6
700770500,26
700770555,20
700801698,0
700801900,0
700801901,8
700801903,7
800206105,24
800206127,27
800208304,0
800208305,0
800208306,0
800208307,0
800370120,13
800370121,1
900100040,0
900800100,7
900800101,9
900800102,3
900800103,10
900800105,12
900800106,26
900800107,3
900800110,10
900800111,10
900800112,0
900800113,14
900800115,22
900800116,57
900800117,6
900800120,10
900800121,11
900800122,1
900800123,2
